MAE,MAPE,RMSE
13.063327,0.08585286,20.448898
13.481876,0.0896014,21.267021
13.8296585,0.09019294,22.007404
14.165465,0.09236293,22.654404
14.452496,0.095506325,23.185444
14.75414,0.0983144,23.706676
14.87904,0.09663529,24.13153
15.095905,0.09806034,24.559364
15.301573,0.100116394,24.884352
15.477302,0.10146491,25.25308
15.646532,0.102246135,25.53647
16.001245,0.108373284,25.95136
