MAE,MAPE,RMSE
3.7338755,0.25933123,6.29362
4.2818766,0.28086686,7.4578137
4.7920732,0.30380473,8.256248
5.1404533,0.3187152,8.610043
5.2727585,0.3137887,8.836068
5.42961,0.31695953,9.091044
5.5045767,0.2980554,9.341184
5.5816464,0.28685966,9.532329
5.6200867,0.2787724,9.790644
5.664734,0.28109577,9.910129
5.783599,0.28610355,10.134081
5.980678,0.2960875,10.574096
