MAE,MAPE,RMSE
3.7239037,0.25780365,6.280668
