MAE,MAPE,MSE,RMSE,masked_MAE,masked_MAPE,masked_MSE,masked_RMSE,R2,EVAR,Precision,Recall,F1-Score,MAP,PCC
0.26658446,0.02152964,0.18948586,0.43529972,0.85197437,0.5530835,1.4764934,1.2151104,-0.9173251034862053,-0.7533352375030518,0.4290625,0.060717605,0.10638099,0.3790625,0.054209918
