MAE,MAPE,RMSE
3.8568652,0.3420486,7.0217195
