MAE,MAPE,RMSE
3.159159,0.25902787,5.8821707
3.1237905,0.25324896,5.688331
3.007883,0.23916182,5.5054865
2.9547129,0.23627017,5.375644
2.923146,0.23555236,5.3255672
2.8966513,0.23519908,5.304068
2.8746674,0.23514187,5.297762
2.8486705,0.2345912,5.2626815
2.8194993,0.23304212,5.225631
2.8184865,0.23355213,5.2316213
2.8275065,0.23260969,5.277591
2.836307,0.2326274,5.3084292
