{"Precision@1": 0.16234756097560976, "Recall@1": 0.16234756097560976}