RMSE,Recall,MAP
7.947564736497253,33.942786069651746,0.186864386025116
