MAE,MAPE,RMSE
0.5396434,0.1644267,1.3392254
