RMSE,Precision,MAP
0.43529972,0.4290625,0.3790625
