MAE,MAPE,RMSE
13.077498,0.0856031,20.437952
13.496875,0.08935194,21.258413
13.842582,0.08994531,21.995033
14.175528,0.09209435,22.637836
14.462418,0.095238686,23.166046
14.764634,0.09803029,23.68594
14.885996,0.096387394,24.10307
15.099806,0.09780882,24.523287
15.309977,0.09987176,24.84911
15.484991,0.101226665,25.211105
15.644915,0.10198779,25.482168
15.999556,0.108099505,25.896013
