MAE,MAPE,RMSE
0.5335218,0.16576424,1.3504934
