MAE,RMSE
214.45218,333.43512
