{"Precision@1": 0.1623290273556231, "Recall@1": 0.1623290273556231}