MAE,MAPE,MSE,RMSE,masked_MAE,masked_MAPE,masked_MSE,masked_RMSE,R2,EVAR
214.45218,0.19965127,111178.98,333.43512,214.45218,0.19965127,111178.98,333.43512,0.8674328724159142,0.8806710842125269
