MAE,MAPE,RMSE
2.4519145,0.24904248,5.250014
