MAE,MAPE,RMSE
3.8568652,0.3420486,7.0217195
4.4333315,0.40040568,8.403712
5.115888,0.47339156,9.865801
5.87023,0.57167256,11.325947
6.5612884,0.70907736,12.56308
7.1150913,0.8638772,13.47503
7.529088,0.9978882,14.02216
7.970426,1.1118616,14.646686
8.398583,1.2308949,15.26785
8.795427,1.342429,15.886063
9.187371,1.3879205,16.52376
9.244474,1.3650129,16.600737
