MAE,MAPE,RMSE
3.862599,0.34205446,7.0310044
4.4425774,0.39993492,8.419976
5.1285896,0.47206056,9.887724
5.8855124,0.5685321,11.353879
6.5668077,0.702355,12.5663595
7.103749,0.85428345,13.444757
7.5191736,0.98793167,13.9894
7.969721,1.1039015,14.639274
8.426771,1.2238448,15.335944
8.8177185,1.3378099,15.93707
9.166606,1.3811079,16.508953
9.216647,1.3611596,16.584446
