MAE,MAPE,RMSE
3.1503065,0.25799447,5.8722224
3.109116,0.25185093,5.6749644
2.9937098,0.23794852,5.4925556
2.9407513,0.23537834,5.362192
2.9106615,0.23473611,5.3147707
2.88787,0.23428042,5.299366
2.8710287,0.23435095,5.3016477
2.849468,0.23389421,5.2731767
2.8227258,0.23247814,5.2390566
2.8235395,0.23310305,5.246168
2.8354228,0.23235331,5.2941694
2.847183,0.2324111,5.3266096
