SourceCity,GroupCount,Percent
三沙,36,1.40460397971128
五家渠,28,1.09246976199766
玉溪,21,0.819352321498244
益阳,20,0.780335544284042
天门,19,0.74131876706984
大兴安岭,18,0.702301989855638
潍坊,18,0.702301989855638
烟台,18,0.702301989855638
阿拉尔,18,0.702301989855638
邢台,17,0.663285212641436
